customer_id,customer_name,plan_id,plan_name,monthly_fee,data_usage_gb,contract_start_date
1384,Customer 1384,1,Basic,29.99,0.23,2025-04-21 17:18:23.473184
4939,Customer 4939,3,Premium,79.99,36.85,2025-01-20 17:18:23.473184
2049,Customer 2049,4,Unlimited,99.99,28.73,2023-11-28 17:18:23.473184
1940,Customer 1940,1,Basic,29.99,48.74,2024-03-11 17:18:23.473184
5670,Customer 5670,1,Basic,29.99,14.37,2025-03-15 17:18:23.473184
9992,Customer 9992,1,Basic,29.99,33.05,2023-09-18 17:18:23.473184
4271,Customer 4271,2,Standard,49.99,24.77,2023-07-24 17:18:23.473184
7644,Customer 7644,1,Basic,29.99,2.39,2023-11-17 17:18:23.473184
8937,Customer 8937,3,Premium,79.99,46.5,2024-04-06 17:18:23.473184
6260,Customer 6260,4,Unlimited,99.99,22.72,2024-10-29 17:18:23.473184
5827,Customer 5827,3,Premium,79.99,38.16,2025-03-23 17:18:23.473184
8461,Customer 8461,3,Premium,79.99,36.17,2023-12-30 17:18:23.473184
4555,Customer 4555,4,Unlimited,99.99,45.74,2023-09-06 17:18:23.473184
9504,Customer 9504,4,Unlimited,99.99,26.83,2025-05-09 17:18:23.473184
6691,Customer 6691,4,Unlimited,99.99,5.66,2023-07-22 17:18:23.473184
5618,Customer 5618,4,Unlimited,99.99,24.65,2023-10-29 17:18:23.473184
7735,Customer 7735,3,Premium,79.99,46.88,2024-05-21 17:18:23.473184
4386,Customer 4386,2,Standard,49.99,0.03,2024-08-03 17:18:23.473184
6426,Customer 6426,4,Unlimited,99.99,34.62,2025-01-28 17:18:23.474201
3907,Customer 3907,4,Unlimited,99.99,24.49,2023-11-02 17:18:23.474201
1991,Customer 1991,3,Premium,79.99,48.77,2024-07-09 17:18:23.474201
5426,Customer 5426,4,Unlimited,99.99,6.93,2023-12-04 17:18:23.474201
9850,Customer 9850,2,Standard,49.99,38.03,2024-05-16 17:18:23.474201
2289,Customer 2289,3,Premium,79.99,22.41,2023-11-29 17:18:23.474201
2127,Customer 2127,3,Premium,79.99,4.9,2024-06-28 17:18:23.474201
9437,Customer 9437,1,Basic,29.99,28.05,2023-10-12 17:18:23.474201
2565,Customer 2565,3,Premium,79.99,21.6,2023-12-15 17:18:23.474201
1553,Customer 1553,3,Premium,79.99,22.03,2025-02-01 17:18:23.474201
2292,Customer 2292,3,Premium,79.99,11.59,2024-03-18 17:18:23.474201
7342,Customer 7342,1,Basic,29.99,1.23,2024-08-12 17:18:23.474201
9878,Customer 9878,2,Standard,49.99,33.88,2024-10-26 17:18:23.474201
2565,Customer 2565,3,Premium,79.99,15.57,2025-01-09 17:18:23.474201
1540,Customer 1540,4,Unlimited,99.99,13.63,2025-04-04 17:18:23.474201
2468,Customer 2468,1,Basic,29.99,9.91,2024-11-21 17:18:23.474201
8005,Customer 8005,2,Standard,49.99,34.62,2024-08-19 17:18:23.474201
9321,Customer 9321,1,Basic,29.99,24.85,2024-04-03 17:18:23.474201
5590,Customer 5590,4,Unlimited,99.99,47.81,2024-08-20 17:18:23.474201
5995,Customer 5995,1,Basic,29.99,32.6,2024-06-28 17:18:23.474201
7268,Customer 7268,1,Basic,29.99,24.06,2024-06-17 17:18:23.474201
1095,Customer 1095,1,Basic,29.99,35.79,2023-10-21 17:18:23.474201
2002,Customer 2002,4,Unlimited,99.99,1.84,2024-03-07 17:18:23.474201
7885,Customer 7885,3,Premium,79.99,45.76,2023-08-13 17:18:23.474201
9827,Customer 9827,1,Basic,29.99,22.15,2024-02-15 17:18:23.474201
9458,Customer 9458,3,Premium,79.99,11.29,2024-04-13 17:18:23.474201
5021,Customer 5021,1,Basic,29.99,7.3,2024-02-09 17:18:23.474201
3876,Customer 3876,2,Standard,49.99,11.41,2024-12-17 17:18:23.474201
9647,Customer 9647,1,Basic,29.99,32.29,2024-03-27 17:18:23.474201
8808,Customer 8808,4,Unlimited,99.99,21.93,2024-11-24 17:18:23.474201
6476,Customer 6476,3,Premium,79.99,35.88,2023-12-16 17:18:23.474201
8128,Customer 8128,4,Unlimited,99.99,13.4,2024-06-03 17:18:23.474201
7681,Customer 7681,3,Premium,79.99,11.82,2025-03-13 17:18:23.474201
1590,Customer 1590,3,Premium,79.99,12.92,2025-03-04 17:18:23.474201
6768,Customer 6768,1,Basic,29.99,25.5,2025-02-12 17:18:23.474201
7737,Customer 7737,4,Unlimited,99.99,38.51,2024-03-16 17:18:23.474201
8097,Customer 8097,2,Standard,49.99,43.28,2024-03-31 17:18:23.474201
9582,Customer 9582,1,Basic,29.99,31.7,2025-01-23 17:18:23.474201
5808,Customer 5808,2,Standard,49.99,47.38,2024-01-27 17:18:23.474201
5872,Customer 5872,4,Unlimited,99.99,46.95,2023-12-11 17:18:23.474201
1112,Customer 1112,1,Basic,29.99,36.14,2024-06-06 17:18:23.475200
2849,Customer 2849,3,Premium,79.99,4.19,2024-11-25 17:18:23.475200
3288,Customer 3288,2,Standard,49.99,26.23,2024-02-16 17:18:23.475200
8790,Customer 8790,1,Basic,29.99,22.88,2024-04-05 17:18:23.475200
7368,Customer 7368,1,Basic,29.99,6.78,2025-04-02 17:18:23.475200
7866,Customer 7866,2,Standard,49.99,41.36,2023-08-29 17:18:23.475200
9640,Customer 9640,1,Basic,29.99,4.43,2025-05-15 17:18:23.475200
9167,Customer 9167,3,Premium,79.99,32.98,2024-08-17 17:18:23.475200
6453,Customer 6453,3,Premium,79.99,36.94,2023-12-01 17:18:23.475200
3576,Customer 3576,2,Standard,49.99,30.87,2024-10-18 17:18:23.475200
2436,Customer 2436,1,Basic,29.99,34.85,2025-04-29 17:18:23.475200
3474,Customer 3474,2,Standard,49.99,40.02,2023-11-28 17:18:23.475200
4545,Customer 4545,1,Basic,29.99,16.48,2023-06-15 17:18:23.475200
4416,Customer 4416,1,Basic,29.99,8.03,2024-09-25 17:18:23.475200
7277,Customer 7277,2,Standard,49.99,45.67,2023-06-21 17:18:23.475200
1539,Customer 1539,3,Premium,79.99,22.29,2024-01-19 17:18:23.475200
1000,Customer 1000,4,Unlimited,99.99,33.73,2024-09-30 17:18:23.475200
4656,Customer 4656,3,Premium,79.99,6.61,2023-07-29 17:18:23.475200
9730,Customer 9730,3,Premium,79.99,5.37,2023-09-02 17:18:23.475200
8735,Customer 8735,2,Standard,49.99,16.88,2024-12-18 17:18:23.475200
1172,Customer 1172,1,Basic,29.99,7.76,2023-09-21 17:18:23.475200
8499,Customer 8499,4,Unlimited,99.99,36.1,2023-09-25 17:18:23.475200
2204,Customer 2204,3,Premium,79.99,28.82,2023-07-18 17:18:23.475200
7544,Customer 7544,4,Unlimited,99.99,36.33,2025-04-18 17:18:23.475200
9774,Customer 9774,3,Premium,79.99,3.78,2023-10-31 17:18:23.475200
5571,Customer 5571,2,Standard,49.99,42.62,2024-11-26 17:18:23.475200
9061,Customer 9061,4,Unlimited,99.99,19.59,2024-01-16 17:18:23.475200
5743,Customer 5743,4,Unlimited,99.99,16.28,2023-06-01 17:18:23.475200
5127,Customer 5127,3,Premium,79.99,45.18,2023-12-25 17:18:23.476201
1582,Customer 1582,1,Basic,29.99,11.47,2023-08-18 17:18:23.476201
9991,Customer 9991,2,Standard,49.99,26.01,2023-06-23 17:18:23.476201
3826,Customer 3826,4,Unlimited,99.99,48.75,2023-08-21 17:18:23.476201
2738,Customer 2738,4,Unlimited,99.99,25.51,2023-11-11 17:18:23.476201
9057,Customer 9057,1,Basic,29.99,18.58,2023-10-09 17:18:23.476201
1207,Customer 1207,4,Unlimited,99.99,7.11,2024-02-04 17:18:23.476201
2144,Customer 2144,3,Premium,79.99,21.25,2024-08-01 17:18:23.476201
8179,Customer 8179,4,Unlimited,99.99,28.83,2023-06-16 17:18:23.476201
1099,Customer 1099,4,Unlimited,99.99,48.16,2023-08-25 17:18:23.476201
6671,Customer 6671,3,Premium,79.99,17.03,2024-07-28 17:18:23.476201
1806,Customer 1806,4,Unlimited,99.99,10.16,2023-07-01 17:18:23.476201
8402,Customer 8402,2,Standard,49.99,46.26,2025-01-27 17:18:23.476201
9158,Customer 9158,2,Standard,49.99,7.13,2024-04-17 17:18:23.476201
7695,Customer 7695,4,Unlimited,99.99,22.83,2025-01-20 17:18:23.476201
7001,Customer 7001,1,Basic,29.99,3.01,2024-03-06 17:18:23.476201
3865,Customer 3865,2,Standard,49.99,38.48,2024-05-03 17:18:23.476201
7190,Customer 7190,3,Premium,79.99,4.72,2023-07-15 17:18:23.476201
1334,Customer 1334,3,Premium,79.99,21.62,2025-04-21 17:18:23.476201
7477,Customer 7477,2,Standard,49.99,8.62,2025-03-01 17:18:23.476201
8852,Customer 8852,4,Unlimited,99.99,49.07,2024-05-13 17:18:23.476201
6064,Customer 6064,4,Unlimited,99.99,31.87,2024-06-29 17:18:23.476201
2052,Customer 2052,3,Premium,79.99,37.1,2023-11-08 17:18:23.476201
5898,Customer 5898,3,Premium,79.99,5.2,2023-12-16 17:18:23.476201
2608,Customer 2608,2,Standard,49.99,9.51,2024-07-17 17:18:23.476201
3408,Customer 3408,4,Unlimited,99.99,44.2,2024-11-29 17:18:23.476201
8897,Customer 8897,4,Unlimited,99.99,25.22,2024-01-17 17:18:23.476201
9796,Customer 9796,4,Unlimited,99.99,35.32,2024-05-15 17:18:23.476201
9497,Customer 9497,1,Basic,29.99,46.82,2024-11-25 17:18:23.476201
2158,Customer 2158,1,Basic,29.99,48.52,2025-02-08 17:18:23.476201
9742,Customer 9742,4,Unlimited,99.99,32.53,2025-03-14 17:18:23.476201
5634,Customer 5634,4,Unlimited,99.99,20.5,2024-05-15 17:18:23.476201
6659,Customer 6659,4,Unlimited,99.99,4.29,2024-04-03 17:18:23.477204
9211,Customer 9211,2,Standard,49.99,2.92,2024-06-21 17:18:23.478207
8566,Customer 8566,2,Standard,49.99,33.58,2023-05-28 17:18:23.479212
9174,Customer 9174,1,Basic,29.99,43.31,2025-03-25 17:18:23.479212
1205,Customer 1205,1,Basic,29.99,37.0,2025-05-19 17:18:23.479212
8743,Customer 8743,3,Premium,79.99,17.5,2024-12-30 17:18:23.479212
2880,Customer 2880,1,Basic,29.99,20.36,2024-12-17 17:18:23.479212
1576,Customer 1576,2,Standard,49.99,19.45,2024-10-05 17:18:23.479212
4401,Customer 4401,4,Unlimited,99.99,30.75,2023-12-07 17:18:23.479212
9239,Customer 9239,1,Basic,29.99,25.37,2024-02-13 17:18:23.479212
1026,Customer 1026,3,Premium,79.99,43.58,2024-05-25 17:18:23.479212
4056,Customer 4056,3,Premium,79.99,27.93,2024-03-26 17:18:23.479212
5240,Customer 5240,4,Unlimited,99.99,38.87,2023-10-26 17:18:23.479212
7607,Customer 7607,4,Unlimited,99.99,26.95,2023-06-13 17:18:23.479212
1653,Customer 1653,4,Unlimited,99.99,3.03,2024-10-07 17:18:23.479212
1296,Customer 1296,4,Unlimited,99.99,27.59,2025-02-05 17:18:23.479212
5628,Customer 5628,4,Unlimited,99.99,41.71,2024-06-01 17:18:23.479212
4537,Customer 4537,3,Premium,79.99,30.84,2024-04-12 17:18:23.479212
1353,Customer 1353,1,Basic,29.99,17.97,2024-07-13 17:18:23.479212
8959,Customer 8959,3,Premium,79.99,42.73,2024-01-26 17:18:23.479212
9269,Customer 9269,2,Standard,49.99,13.1,2024-02-16 17:18:23.479212
5250,Customer 5250,3,Premium,79.99,35.33,2024-12-31 17:18:23.479212
9273,Customer 9273,4,Unlimited,99.99,42.86,2024-03-21 17:18:23.479212
6505,Customer 6505,4,Unlimited,99.99,27.72,2025-03-24 17:18:23.479212
2999,Customer 2999,2,Standard,49.99,42.26,2024-05-25 17:18:23.479212
3382,Customer 3382,4,Unlimited,99.99,13.51,2023-09-13 17:18:23.479212
7066,Customer 7066,1,Basic,29.99,2.39,2024-01-10 17:18:23.479212
1488,Customer 1488,1,Basic,29.99,2.55,2024-10-20 17:18:23.479212
4213,Customer 4213,2,Standard,49.99,44.16,2024-11-05 17:18:23.479212
9625,Customer 9625,4,Unlimited,99.99,11.14,2024-11-30 17:18:23.479212
4288,Customer 4288,1,Basic,29.99,3.77,2023-10-28 17:18:23.479212
6382,Customer 6382,2,Standard,49.99,32.0,2023-05-30 17:18:23.479212
1053,Customer 1053,2,Standard,49.99,11.05,2024-07-11 17:18:23.479212
2758,Customer 2758,2,Standard,49.99,14.34,2023-06-16 17:18:23.479212
1376,Customer 1376,1,Basic,29.99,6.73,2025-04-22 17:18:23.479212
6176,Customer 6176,2,Standard,49.99,20.79,2025-04-10 17:18:23.479212
9151,Customer 9151,3,Premium,79.99,26.48,2023-10-19 17:18:23.479212
5729,Customer 5729,4,Unlimited,99.99,36.78,2024-11-21 17:18:23.479212
9771,Customer 9771,2,Standard,49.99,6.58,2025-05-12 17:18:23.479212
3761,Customer 3761,4,Unlimited,99.99,27.03,2024-06-30 17:18:23.480233
9408,Customer 9408,2,Standard,49.99,43.56,2025-04-21 17:18:23.480233
9095,Customer 9095,4,Unlimited,99.99,39.6,2024-10-27 17:18:23.480233
7319,Customer 7319,3,Premium,79.99,26.78,2024-08-16 17:18:23.480233
2396,Customer 2396,3,Premium,79.99,28.27,2025-03-01 17:18:23.480233
6305,Customer 6305,1,Basic,29.99,32.28,2023-06-22 17:18:23.480233
3357,Customer 3357,4,Unlimited,99.99,23.98,2024-01-03 17:18:23.480233
4334,Customer 4334,3,Premium,79.99,9.16,2024-07-08 17:18:23.480233
1213,Customer 1213,3,Premium,79.99,13.45,2023-12-08 17:18:23.480233
8309,Customer 8309,4,Unlimited,99.99,31.46,2024-03-29 17:18:23.480233
6729,Customer 6729,3,Premium,79.99,14.88,2024-11-18 17:18:23.480233
4749,Customer 4749,4,Unlimited,99.99,5.38,2025-01-12 17:18:23.480233
2937,Customer 2937,3,Premium,79.99,9.38,2024-09-10 17:18:23.480233
5587,Customer 5587,2,Standard,49.99,36.32,2023-09-08 17:18:23.480233
4132,Customer 4132,2,Standard,49.99,29.48,2024-08-21 17:18:23.480233
3986,Customer 3986,4,Unlimited,99.99,28.72,2023-09-27 17:18:23.480233
2318,Customer 2318,2,Standard,49.99,49.98,2023-11-09 17:18:23.480233
5653,Customer 5653,1,Basic,29.99,35.31,2023-11-21 17:18:23.480233
8192,Customer 8192,1,Basic,29.99,16.31,2024-05-07 17:18:23.480233
5053,Customer 5053,1,Basic,29.99,40.74,2025-05-14 17:18:23.480233
7982,Customer 7982,1,Basic,29.99,3.78,2024-05-26 17:18:23.480233
6113,Customer 6113,4,Unlimited,99.99,21.61,2024-07-22 17:18:23.480233
3443,Customer 3443,1,Basic,29.99,9.26,2024-11-12 17:18:23.480233
2700,Customer 2700,4,Unlimited,99.99,17.22,2024-11-16 17:18:23.480233
6115,Customer 6115,1,Basic,29.99,5.25,2024-03-03 17:18:23.480233
8316,Customer 8316,1,Basic,29.99,26.66,2024-01-30 17:18:23.480233
7662,Customer 7662,1,Basic,29.99,28.08,2023-11-26 17:18:23.480233
2206,Customer 2206,1,Basic,29.99,39.31,2024-07-06 17:18:23.480233
2872,Customer 2872,1,Basic,29.99,27.06,2023-07-11 17:18:23.480233
2662,Customer 2662,2,Standard,49.99,21.29,2023-08-05 17:18:23.480233
1551,Customer 1551,2,Standard,49.99,38.07,2023-12-22 17:18:23.480233
6758,Customer 6758,2,Standard,49.99,9.05,2024-06-19 17:18:23.480233
6589,Customer 6589,2,Standard,49.99,49.51,2025-01-10 17:18:23.480233
2125,Customer 2125,2,Standard,49.99,32.71,2023-07-29 17:18:23.480233
3576,Customer 3576,3,Premium,79.99,14.51,2024-04-02 17:18:23.480233
9252,Customer 9252,3,Premium,79.99,10.65,2024-11-15 17:18:23.481248
2919,Customer 2919,2,Standard,49.99,10.56,2024-01-05 17:18:23.481248
9184,Customer 9184,4,Unlimited,99.99,2.98,2025-03-09 17:18:23.481248
1882,Customer 1882,3,Premium,79.99,2.41,2024-09-06 17:18:23.481248
9822,Customer 9822,3,Premium,79.99,1.5,2024-01-18 17:18:23.481248
1865,Customer 1865,4,Unlimited,99.99,42.44,2024-10-09 17:18:23.481248
5249,Customer 5249,1,Basic,29.99,43.55,2024-05-23 17:18:23.481248
7523,Customer 7523,1,Basic,29.99,28.95,2023-10-08 17:18:23.481248
2270,Customer 2270,3,Premium,79.99,7.0,2023-09-07 17:18:23.481248
1035,Customer 1035,3,Premium,79.99,35.6,2024-06-23 17:18:23.481248
4964,Customer 4964,3,Premium,79.99,49.38,2023-08-27 17:18:23.481248
3865,Customer 3865,3,Premium,79.99,22.78,2024-03-21 17:18:23.481248
8987,Customer 8987,1,Basic,29.99,46.22,2024-02-17 17:18:23.481248
9513,Customer 9513,2,Standard,49.99,4.4,2025-03-05 17:18:23.481248
7009,Customer 7009,4,Unlimited,99.99,44.07,2024-12-25 17:18:23.481248
8916,Customer 8916,4,Unlimited,99.99,49.83,2024-03-08 17:18:23.481248
4449,Customer 4449,3,Premium,79.99,19.85,2025-03-19 17:18:23.481248
3808,Customer 3808,2,Standard,49.99,32.96,2024-11-12 17:18:23.481248
5961,Customer 5961,3,Premium,79.99,7.53,2025-02-15 17:18:23.481248
2126,Customer 2126,4,Unlimited,99.99,21.34,2023-09-21 17:18:23.481248
7746,Customer 7746,1,Basic,29.99,4.25,2025-01-20 17:18:23.481248
9843,Customer 9843,4,Unlimited,99.99,24.29,2023-10-05 17:18:23.481248
7676,Customer 7676,3,Premium,79.99,22.17,2025-04-22 17:18:23.481248
4827,Customer 4827,2,Standard,49.99,28.44,2023-09-13 17:18:23.481248
3389,Customer 3389,3,Premium,79.99,33.77,2023-08-29 17:18:23.481248
1918,Customer 1918,3,Premium,79.99,39.32,2024-08-09 17:18:23.481248
9755,Customer 9755,4,Unlimited,99.99,30.13,2023-08-16 17:18:23.481248
1324,Customer 1324,4,Unlimited,99.99,26.51,2023-10-28 17:18:23.481248
2972,Customer 2972,3,Premium,79.99,35.12,2023-09-02 17:18:23.481248
5216,Customer 5216,3,Premium,79.99,12.9,2025-04-05 17:18:23.481248
1854,Customer 1854,2,Standard,49.99,29.6,2024-05-04 17:18:23.481248
8897,Customer 8897,4,Unlimited,99.99,46.26,2024-02-19 17:18:23.481248
2743,Customer 2743,1,Basic,29.99,44.62,2024-10-26 17:18:23.481248
3964,Customer 3964,4,Unlimited,99.99,18.29,2023-10-23 17:18:23.481248
6824,Customer 6824,4,Unlimited,99.99,48.45,2024-02-17 17:18:23.481248
9109,Customer 9109,2,Standard,49.99,7.55,2025-02-10 17:18:23.481248
9827,Customer 9827,2,Standard,49.99,39.07,2025-04-27 17:18:23.481248
6825,Customer 6825,4,Unlimited,99.99,37.8,2025-02-10 17:18:23.482249
7586,Customer 7586,3,Premium,79.99,9.12,2025-02-03 17:18:23.482249
8767,Customer 8767,2,Standard,49.99,36.14,2024-05-29 17:18:23.482249
1286,Customer 1286,2,Standard,49.99,23.24,2025-03-11 17:18:23.482249
7275,Customer 7275,3,Premium,79.99,33.21,2023-07-02 17:18:23.482249
1684,Customer 1684,4,Unlimited,99.99,11.77,2023-07-23 17:18:23.482249
8547,Customer 8547,1,Basic,29.99,44.52,2023-08-29 17:18:23.482249
6504,Customer 6504,4,Unlimited,99.99,35.44,2023-07-18 17:18:23.482249
3192,Customer 3192,3,Premium,79.99,2.33,2024-10-09 17:18:23.482249
9286,Customer 9286,1,Basic,29.99,37.81,2024-07-28 17:18:23.482249
9881,Customer 9881,1,Basic,29.99,10.96,2023-05-23 17:18:23.482249
4677,Customer 4677,3,Premium,79.99,36.03,2024-09-18 17:18:23.482249
2959,Customer 2959,1,Basic,29.99,22.77,2024-08-16 17:18:23.482249
7526,Customer 7526,2,Standard,49.99,29.95,2024-01-15 17:18:23.482249
8821,Customer 8821,4,Unlimited,99.99,44.51,2024-08-04 17:18:23.482249
4579,Customer 4579,3,Premium,79.99,10.83,2024-03-13 17:18:23.482249
6674,Customer 6674,2,Standard,49.99,37.32,2024-09-20 17:18:23.482249
6070,Customer 6070,2,Standard,49.99,6.43,2025-01-04 17:18:23.482249
2746,Customer 2746,1,Basic,29.99,34.55,2023-12-03 17:18:23.482249
1222,Customer 1222,4,Unlimited,99.99,27.96,2025-03-27 17:18:23.482249
9210,Customer 9210,4,Unlimited,99.99,27.82,2023-12-16 17:18:23.482249
7643,Customer 7643,2,Standard,49.99,33.52,2025-02-19 17:18:23.482249
9749,Customer 9749,1,Basic,29.99,45.83,2023-10-21 17:18:23.482249
4739,Customer 4739,1,Basic,29.99,23.89,2024-03-22 17:18:23.482249
6331,Customer 6331,3,Premium,79.99,2.27,2024-07-15 17:18:23.482249
3444,Customer 3444,4,Unlimited,99.99,4.58,2024-03-29 17:18:23.482249
4554,Customer 4554,3,Premium,79.99,16.76,2023-10-11 17:18:23.482249
7592,Customer 7592,2,Standard,49.99,35.4,2024-08-20 17:18:23.482249
6155,Customer 6155,4,Unlimited,99.99,25.59,2024-09-02 17:18:23.482249
5191,Customer 5191,3,Premium,79.99,41.8,2024-02-20 17:18:23.482249
7688,Customer 7688,1,Basic,29.99,46.61,2024-11-02 17:18:23.482249
1212,Customer 1212,2,Standard,49.99,18.76,2023-12-16 17:18:23.482249
3840,Customer 3840,4,Unlimited,99.99,36.65,2025-01-10 17:18:23.482249
3586,Customer 3586,1,Basic,29.99,27.4,2023-11-26 17:18:23.482249
9326,Customer 9326,4,Unlimited,99.99,33.73,2024-05-20 17:18:23.482249
7699,Customer 7699,3,Premium,79.99,23.48,2024-07-28 17:18:23.482249
9877,Customer 9877,4,Unlimited,99.99,14.54,2025-04-24 17:18:23.483244
3488,Customer 3488,3,Premium,79.99,24.56,2023-06-28 17:18:23.483244
5729,Customer 5729,1,Basic,29.99,21.44,2024-08-15 17:18:23.483244
2815,Customer 2815,1,Basic,29.99,29.27,2024-09-16 17:18:23.483244
1465,Customer 1465,2,Standard,49.99,23.68,2024-08-11 17:18:23.483244
8684,Customer 8684,1,Basic,29.99,25.33,2025-02-02 17:18:23.483244
8862,Customer 8862,3,Premium,79.99,46.91,2024-04-12 17:18:23.483244
3098,Customer 3098,4,Unlimited,99.99,9.91,2023-10-04 17:18:23.483244
2258,Customer 2258,4,Unlimited,99.99,37.27,2024-02-11 17:18:23.483244
1869,Customer 1869,4,Unlimited,99.99,46.98,2023-08-15 17:18:23.483244
1179,Customer 1179,4,Unlimited,99.99,17.32,2025-02-16 17:18:23.483244
6431,Customer 6431,3,Premium,79.99,28.99,2024-01-06 17:18:23.483244
9247,Customer 9247,3,Premium,79.99,33.69,2025-05-17 17:18:23.483244
6560,Customer 6560,4,Unlimited,99.99,42.77,2025-03-11 17:18:23.483244
9218,Customer 9218,3,Premium,79.99,36.66,2024-06-17 17:18:23.483244
1322,Customer 1322,3,Premium,79.99,36.6,2024-02-12 17:18:23.483244
1971,Customer 1971,4,Unlimited,99.99,15.75,2024-02-14 17:18:23.483244
1424,Customer 1424,4,Unlimited,99.99,24.46,2023-06-18 17:18:23.483244
4379,Customer 4379,1,Basic,29.99,25.5,2025-04-17 17:18:23.483244
1697,Customer 1697,3,Premium,79.99,38.01,2025-02-23 17:18:23.483244
6957,Customer 6957,2,Standard,49.99,49.05,2023-10-11 17:18:23.483244
2930,Customer 2930,3,Premium,79.99,46.41,2025-01-06 17:18:23.483244
3041,Customer 3041,1,Basic,29.99,42.69,2025-02-19 17:18:23.483244
2061,Customer 2061,1,Basic,29.99,41.74,2025-03-25 17:18:23.483244
8235,Customer 8235,2,Standard,49.99,31.17,2024-03-10 17:18:23.483244
3885,Customer 3885,2,Standard,49.99,47.25,2023-06-11 17:18:23.483244
6637,Customer 6637,3,Premium,79.99,3.2,2024-07-18 17:18:23.483244
9948,Customer 9948,4,Unlimited,99.99,35.76,2023-09-23 17:18:23.483244
8571,Customer 8571,3,Premium,79.99,31.57,2024-02-25 17:18:23.483244
5891,Customer 5891,4,Unlimited,99.99,29.45,2024-06-01 17:18:23.483244
2775,Customer 2775,3,Premium,79.99,29.55,2025-02-24 17:18:23.483244
6995,Customer 6995,1,Basic,29.99,8.22,2024-07-25 17:18:23.483244
1904,Customer 1904,2,Standard,49.99,15.38,2024-04-12 17:18:23.483244
4190,Customer 4190,2,Standard,49.99,27.33,2025-02-24 17:18:23.483244
7263,Customer 7263,4,Unlimited,99.99,5.39,2024-04-18 17:18:23.483244
3709,Customer 3709,3,Premium,79.99,28.99,2024-12-24 17:18:23.484246
1721,Customer 1721,2,Standard,49.99,27.78,2024-11-09 17:18:23.484246
3607,Customer 3607,2,Standard,49.99,18.51,2023-12-14 17:18:23.484246
9185,Customer 9185,4,Unlimited,99.99,21.31,2024-11-13 17:18:23.484246
3513,Customer 3513,2,Standard,49.99,11.64,2023-11-27 17:18:23.484246
6484,Customer 6484,4,Unlimited,99.99,17.92,2024-09-01 17:18:23.484246
6808,Customer 6808,4,Unlimited,99.99,26.67,2023-11-26 17:18:23.484246
7585,Customer 7585,1,Basic,29.99,20.35,2024-05-28 17:18:23.484246
3120,Customer 3120,2,Standard,49.99,11.65,2024-05-18 17:18:23.484246
2316,Customer 2316,4,Unlimited,99.99,0.38,2023-09-05 17:18:23.484246
5499,Customer 5499,3,Premium,79.99,37.24,2024-06-16 17:18:23.484246
9670,Customer 9670,4,Unlimited,99.99,20.5,2024-02-28 17:18:23.484246
1745,Customer 1745,3,Premium,79.99,13.81,2025-03-20 17:18:23.484246
4908,Customer 4908,4,Unlimited,99.99,19.4,2025-04-22 17:18:23.484246
2938,Customer 2938,1,Basic,29.99,9.67,2024-03-19 17:18:23.484246
3934,Customer 3934,3,Premium,79.99,29.02,2025-03-27 17:18:23.484246
4318,Customer 4318,4,Unlimited,99.99,27.7,2023-06-26 17:18:23.484246
7969,Customer 7969,2,Standard,49.99,44.73,2024-04-22 17:18:23.484246
2301,Customer 2301,1,Basic,29.99,22.87,2025-05-12 17:18:23.484246
1727,Customer 1727,2,Standard,49.99,12.18,2025-01-30 17:18:23.484246
5788,Customer 5788,1,Basic,29.99,45.75,2024-10-15 17:18:23.484246
7478,Customer 7478,2,Standard,49.99,35.93,2024-01-24 17:18:23.484246
1890,Customer 1890,4,Unlimited,99.99,43.7,2023-11-16 17:18:23.484246
5256,Customer 5256,4,Unlimited,99.99,36.58,2024-04-02 17:18:23.484246
9509,Customer 9509,4,Unlimited,99.99,8.07,2024-05-14 17:18:23.484246
5205,Customer 5205,2,Standard,49.99,32.31,2024-01-30 17:18:23.484246
3937,Customer 3937,4,Unlimited,99.99,19.4,2024-04-11 17:18:23.484246
4683,Customer 4683,4,Unlimited,99.99,34.21,2024-04-23 17:18:23.484246
9561,Customer 9561,3,Premium,79.99,18.17,2024-04-21 17:18:23.484246
8294,Customer 8294,3,Premium,79.99,49.0,2025-03-24 17:18:23.484246
1214,Customer 1214,1,Basic,29.99,9.15,2024-01-13 17:18:23.484246
9433,Customer 9433,1,Basic,29.99,12.11,2023-11-23 17:18:23.484246
3303,Customer 3303,3,Premium,79.99,45.93,2023-07-12 17:18:23.484246
6270,Customer 6270,3,Premium,79.99,8.13,2024-11-26 17:18:23.484246
4749,Customer 4749,1,Basic,29.99,30.88,2023-09-28 17:18:23.484246
3260,Customer 3260,3,Premium,79.99,2.43,2024-11-08 17:18:23.484246
1887,Customer 1887,4,Unlimited,99.99,13.56,2023-05-26 17:18:23.484246
9747,Customer 9747,4,Unlimited,99.99,29.47,2023-07-07 17:18:23.484246
7334,Customer 7334,4,Unlimited,99.99,15.99,2023-09-12 17:18:23.484246
3431,Customer 3431,3,Premium,79.99,0.18,2024-08-14 17:18:23.484246
2443,Customer 2443,3,Premium,79.99,1.35,2024-01-29 17:18:23.485247
9846,Customer 9846,1,Basic,29.99,26.46,2023-09-26 17:18:23.485247
1607,Customer 1607,3,Premium,79.99,39.32,2024-06-27 17:18:23.485247
5834,Customer 5834,4,Unlimited,99.99,4.4,2024-10-20 17:18:23.485247
4478,Customer 4478,4,Unlimited,99.99,22.82,2024-06-15 17:18:23.485247
2276,Customer 2276,2,Standard,49.99,43.72,2025-01-05 17:18:23.485247
2296,Customer 2296,1,Basic,29.99,16.36,2024-09-26 17:18:23.485247
3731,Customer 3731,3,Premium,79.99,41.13,2024-02-02 17:18:23.485247
3258,Customer 3258,1,Basic,29.99,47.17,2024-12-18 17:18:23.485247
2974,Customer 2974,2,Standard,49.99,36.61,2025-05-14 17:18:23.485247
5473,Customer 5473,4,Unlimited,99.99,36.88,2025-01-28 17:18:23.485247
2665,Customer 2665,4,Unlimited,99.99,23.18,2024-02-18 17:18:23.485247
6782,Customer 6782,3,Premium,79.99,20.29,2024-05-04 17:18:23.485247
6665,Customer 6665,1,Basic,29.99,3.26,2023-05-27 17:18:23.485247
3333,Customer 3333,3,Premium,79.99,2.11,2023-10-11 17:18:23.485247
8414,Customer 8414,1,Basic,29.99,0.18,2023-12-13 17:18:23.485247
7423,Customer 7423,1,Basic,29.99,28.16,2025-05-17 17:18:23.486246
4987,Customer 4987,4,Unlimited,99.99,32.47,2024-05-18 17:18:23.486246
2584,Customer 2584,4,Unlimited,99.99,43.3,2024-01-17 17:18:23.486246
3991,Customer 3991,3,Premium,79.99,14.9,2023-07-06 17:18:23.486246
9616,Customer 9616,3,Premium,79.99,42.98,2024-10-10 17:18:23.486246
8481,Customer 8481,3,Premium,79.99,46.5,2024-01-23 17:18:23.486246
8425,Customer 8425,1,Basic,29.99,9.61,2025-01-22 17:18:23.486246
6732,Customer 6732,4,Unlimited,99.99,42.55,2024-01-04 17:18:23.486246
7843,Customer 7843,3,Premium,79.99,48.96,2023-11-10 17:18:23.486246
8576,Customer 8576,4,Unlimited,99.99,39.46,2023-11-21 17:18:23.486246
8695,Customer 8695,2,Standard,49.99,12.82,2024-12-01 17:18:23.486246
7615,Customer 7615,4,Unlimited,99.99,10.29,2025-05-03 17:18:23.486246
5801,Customer 5801,4,Unlimited,99.99,14.33,2025-04-09 17:18:23.486246
8610,Customer 8610,1,Basic,29.99,36.15,2024-09-20 17:18:23.486246
9554,Customer 9554,3,Premium,79.99,34.31,2023-07-29 17:18:23.486246
8925,Customer 8925,1,Basic,29.99,8.06,2023-12-18 17:18:23.486246
7267,Customer 7267,4,Unlimited,99.99,3.63,2024-07-18 17:18:23.486246
8280,Customer 8280,2,Standard,49.99,36.85,2023-09-09 17:18:23.486246
9960,Customer 9960,2,Standard,49.99,15.38,2024-06-23 17:18:23.486246
8307,Customer 8307,1,Basic,29.99,2.77,2024-01-05 17:18:23.486246
8574,Customer 8574,2,Standard,49.99,25.4,2024-04-14 17:18:23.486246
6760,Customer 6760,2,Standard,49.99,25.6,2024-03-15 17:18:23.486246
3708,Customer 3708,2,Standard,49.99,38.78,2024-02-09 17:18:23.486246
4783,Customer 4783,3,Premium,79.99,44.6,2024-06-21 17:18:23.486246
2323,Customer 2323,4,Unlimited,99.99,22.75,2023-10-11 17:18:23.486246
7784,Customer 7784,2,Standard,49.99,39.0,2023-11-17 17:18:23.486246
8566,Customer 8566,1,Basic,29.99,49.0,2024-03-13 17:18:23.486246
6329,Customer 6329,3,Premium,79.99,18.6,2024-02-09 17:18:23.486246
1538,Customer 1538,2,Standard,49.99,30.49,2023-12-17 17:18:23.486246
6906,Customer 6906,2,Standard,49.99,41.99,2025-04-16 17:18:23.486246
8815,Customer 8815,1,Basic,29.99,12.49,2023-06-11 17:18:23.486246
2736,Customer 2736,2,Standard,49.99,47.56,2024-08-21 17:18:23.486246
4041,Customer 4041,4,Unlimited,99.99,10.62,2024-08-26 17:18:23.486246
1690,Customer 1690,4,Unlimited,99.99,26.63,2023-10-07 17:18:23.486246
2154,Customer 2154,4,Unlimited,99.99,32.25,2024-11-22 17:18:23.486246
2291,Customer 2291,1,Basic,29.99,48.66,2025-02-24 17:18:23.486246
7417,Customer 7417,2,Standard,49.99,25.49,2024-02-10 17:18:23.486246
3957,Customer 3957,1,Basic,29.99,19.65,2024-10-15 17:18:23.486246
4178,Customer 4178,2,Standard,49.99,23.22,2024-03-14 17:18:23.486246
8498,Customer 8498,3,Premium,79.99,39.28,2024-09-20 17:18:23.486246
3803,Customer 3803,3,Premium,79.99,23.82,2023-10-14 17:18:23.486246
7785,Customer 7785,2,Standard,49.99,46.27,2023-07-16 17:18:23.486246
6876,Customer 6876,2,Standard,49.99,29.13,2023-08-25 17:18:23.486246
8183,Customer 8183,2,Standard,49.99,11.52,2025-02-09 17:18:23.486246
8316,Customer 8316,4,Unlimited,99.99,42.13,2024-09-02 17:18:23.486246
6713,Customer 6713,1,Basic,29.99,2.71,2024-04-25 17:18:23.486246
1402,Customer 1402,3,Premium,79.99,2.33,2025-04-08 17:18:23.486246
4731,Customer 4731,4,Unlimited,99.99,3.39,2023-10-27 17:18:23.486246
3346,Customer 3346,1,Basic,29.99,45.03,2025-01-13 17:18:23.486246
9883,Customer 9883,1,Basic,29.99,38.34,2024-07-01 17:18:23.486246
7499,Customer 7499,4,Unlimited,99.99,21.73,2024-09-04 17:18:23.486246
8485,Customer 8485,4,Unlimited,99.99,36.0,2025-01-16 17:18:23.486246
9161,Customer 9161,1,Basic,29.99,1.52,2025-03-14 17:18:23.486246
6471,Customer 6471,3,Premium,79.99,19.91,2023-08-12 17:18:23.486246
3562,Customer 3562,3,Premium,79.99,3.82,2023-12-10 17:18:23.486246
8264,Customer 8264,3,Premium,79.99,35.11,2023-08-27 17:18:23.486246
4930,Customer 4930,3,Premium,79.99,34.27,2024-03-22 17:18:23.486246
7448,Customer 7448,1,Basic,29.99,0.31,2023-11-11 17:18:23.486246
9108,Customer 9108,3,Premium,79.99,20.15,2023-12-22 17:18:23.486246
1560,Customer 1560,4,Unlimited,99.99,35.93,2024-01-30 17:18:23.486246
4247,Customer 4247,2,Standard,49.99,1.29,2023-10-24 17:18:23.486246
7628,Customer 7628,1,Basic,29.99,2.62,2023-06-22 17:18:23.486246
8412,Customer 8412,3,Premium,79.99,7.07,2024-03-30 17:18:23.486246
3977,Customer 3977,3,Premium,79.99,32.78,2024-11-03 17:18:23.486246
6929,Customer 6929,4,Unlimited,99.99,20.86,2024-10-28 17:18:23.486246
2878,Customer 2878,4,Unlimited,99.99,37.19,2025-04-30 17:18:23.486246
1521,Customer 1521,1,Basic,29.99,34.65,2025-05-03 17:18:23.486246
9569,Customer 9569,1,Basic,29.99,2.25,2024-02-04 17:18:23.486246
8965,Customer 8965,4,Unlimited,99.99,8.53,2024-03-08 17:18:23.486246
5296,Customer 5296,4,Unlimited,99.99,8.07,2023-11-10 17:18:23.486246
3726,Customer 3726,4,Unlimited,99.99,47.55,2024-10-27 17:18:23.486246
9734,Customer 9734,2,Standard,49.99,49.17,2024-06-15 17:18:23.486246
8421,Customer 8421,1,Basic,29.99,0.56,2024-03-01 17:18:23.486246
9435,Customer 9435,1,Basic,29.99,23.25,2024-01-27 17:18:23.486246
3722,Customer 3722,3,Premium,79.99,48.34,2024-01-23 17:18:23.486246
4260,Customer 4260,2,Standard,49.99,12.4,2025-02-11 17:18:23.486246
2396,Customer 2396,3,Premium,79.99,8.26,2024-10-06 17:18:23.486246
7546,Customer 7546,4,Unlimited,99.99,14.26,2023-06-01 17:18:23.486246
4805,Customer 4805,3,Premium,79.99,31.62,2024-10-16 17:18:23.486246
1896,Customer 1896,4,Unlimited,99.99,43.6,2023-06-11 17:18:23.486246
9078,Customer 9078,1,Basic,29.99,44.45,2023-08-24 17:18:23.486246
8491,Customer 8491,4,Unlimited,99.99,33.09,2025-01-04 17:18:23.486246
6154,Customer 6154,3,Premium,79.99,37.65,2024-12-16 17:18:23.486246
2364,Customer 2364,3,Premium,79.99,1.6,2024-06-05 17:18:23.486246
9364,Customer 9364,2,Standard,49.99,28.83,2023-10-19 17:18:23.486246
9680,Customer 9680,4,Unlimited,99.99,7.76,2024-09-20 17:18:23.486246
6671,Customer 6671,1,Basic,29.99,19.09,2024-07-16 17:18:23.486246
1053,Customer 1053,4,Unlimited,99.99,25.2,2024-02-18 17:18:23.486246
3613,Customer 3613,4,Unlimited,99.99,29.4,2024-08-21 17:18:23.486246
6741,Customer 6741,3,Premium,79.99,26.47,2024-09-14 17:18:23.486246
9941,Customer 9941,2,Standard,49.99,17.86,2023-06-26 17:18:23.486246
6405,Customer 6405,4,Unlimited,99.99,4.56,2025-04-14 17:18:23.486246
8756,Customer 8756,2,Standard,49.99,25.69,2023-06-30 17:18:23.486246
7474,Customer 7474,2,Standard,49.99,16.66,2025-03-24 17:18:23.486246
6222,Customer 6222,3,Premium,79.99,3.12,2024-03-07 17:18:23.486246
9424,Customer 9424,2,Standard,49.99,24.05,2023-09-07 17:18:23.486246
3444,Customer 3444,1,Basic,29.99,10.13,2024-06-08 17:18:23.486246
4234,Customer 4234,4,Unlimited,99.99,46.01,2025-02-20 17:18:23.486246
4661,Customer 4661,1,Basic,29.99,16.11,2023-09-24 17:18:23.487241
2985,Customer 2985,2,Standard,49.99,39.01,2025-02-11 17:18:23.487241
8975,Customer 8975,3,Premium,79.99,30.85,2024-08-29 17:18:23.487241
1801,Customer 1801,2,Standard,49.99,35.78,2023-11-05 17:18:23.487241
8256,Customer 8256,4,Unlimited,99.99,2.2,2025-02-10 17:18:23.487241
1212,Customer 1212,3,Premium,79.99,2.67,2024-10-19 17:18:23.487241
8546,Customer 8546,3,Premium,79.99,11.68,2024-10-11 17:18:23.487241
2248,Customer 2248,3,Premium,79.99,15.31,2023-09-22 17:18:23.487241
1473,Customer 1473,2,Standard,49.99,15.52,2024-09-22 17:18:23.487241
9329,Customer 9329,2,Standard,49.99,38.36,2023-10-23 17:18:23.487241
1834,Customer 1834,3,Premium,79.99,26.62,2024-01-30 17:18:23.487241
2966,Customer 2966,1,Basic,29.99,39.87,2024-08-13 17:18:23.487241
8577,Customer 8577,2,Standard,49.99,38.55,2023-10-13 17:18:23.487241
2129,Customer 2129,4,Unlimited,99.99,2.31,2023-11-21 17:18:23.487241
8922,Customer 8922,4,Unlimited,99.99,2.22,2025-05-19 17:18:23.487241
8753,Customer 8753,3,Premium,79.99,4.61,2025-03-01 17:18:23.487241
1783,Customer 1783,4,Unlimited,99.99,37.6,2024-05-16 17:18:23.487241
6025,Customer 6025,3,Premium,79.99,2.25,2024-02-10 17:18:23.487241
7549,Customer 7549,3,Premium,79.99,40.69,2023-12-01 17:18:23.487241
3008,Customer 3008,3,Premium,79.99,40.04,2024-02-12 17:18:23.487241
7140,Customer 7140,2,Standard,49.99,49.61,2024-03-20 17:18:23.487241
5435,Customer 5435,4,Unlimited,99.99,12.72,2024-08-14 17:18:23.487241
7866,Customer 7866,1,Basic,29.99,25.85,2025-04-16 17:18:23.487241
1110,Customer 1110,2,Standard,49.99,32.95,2024-12-02 17:18:23.487241
9469,Customer 9469,1,Basic,29.99,8.46,2024-10-29 17:18:23.487241
7386,Customer 7386,3,Premium,79.99,48.33,2023-09-07 17:18:23.487241
2706,Customer 2706,1,Basic,29.99,3.34,2024-08-08 17:18:23.487241
2952,Customer 2952,2,Standard,49.99,48.31,2024-02-22 17:18:23.487241
8799,Customer 8799,4,Unlimited,99.99,6.95,2024-07-01 17:18:23.487241
4801,Customer 4801,2,Standard,49.99,14.01,2024-06-22 17:18:23.487241
7364,Customer 7364,1,Basic,29.99,34.08,2024-01-14 17:18:23.487241
3015,Customer 3015,2,Standard,49.99,18.3,2025-01-27 17:18:23.487241
2156,Customer 2156,2,Standard,49.99,44.5,2024-04-23 17:18:23.487241
8245,Customer 8245,1,Basic,29.99,18.52,2024-01-27 17:18:23.487241
7303,Customer 7303,1,Basic,29.99,15.31,2023-07-11 17:18:23.487241
2492,Customer 2492,3,Premium,79.99,28.3,2024-10-22 17:18:23.487241
1628,Customer 1628,1,Basic,29.99,10.74,2025-04-09 17:18:23.487241
8419,Customer 8419,1,Basic,29.99,14.74,2024-01-21 17:18:23.487241
6044,Customer 6044,4,Unlimited,99.99,31.44,2024-05-06 17:18:23.487241
3987,Customer 3987,4,Unlimited,99.99,23.38,2025-05-04 17:18:23.487241
3979,Customer 3979,1,Basic,29.99,1.45,2024-12-06 17:18:23.487241
2346,Customer 2346,4,Unlimited,99.99,19.84,2024-01-18 17:18:23.487241
2678,Customer 2678,2,Standard,49.99,45.46,2023-11-26 17:18:23.487241
7469,Customer 7469,4,Unlimited,99.99,42.51,2023-08-25 17:18:23.487241
2555,Customer 2555,2,Standard,49.99,35.79,2023-12-03 17:18:23.487241
7630,Customer 7630,2,Standard,49.99,1.62,2024-08-18 17:18:23.487241
5951,Customer 5951,4,Unlimited,99.99,48.27,2024-05-08 17:18:23.487241
6037,Customer 6037,3,Premium,79.99,18.93,2024-11-19 17:18:23.487241
5500,Customer 5500,3,Premium,79.99,17.18,2024-10-16 17:18:23.487241
6263,Customer 6263,3,Premium,79.99,42.98,2025-05-07 17:18:23.487241
9467,Customer 9467,2,Standard,49.99,33.94,2024-01-28 17:18:23.487241
5142,Customer 5142,1,Basic,29.99,48.27,2024-09-29 17:18:23.487241
1196,Customer 1196,3,Premium,79.99,7.12,2023-07-10 17:18:23.487241
5415,Customer 5415,2,Standard,49.99,33.33,2025-05-02 17:18:23.487241
1406,Customer 1406,3,Premium,79.99,34.9,2023-08-27 17:18:23.487241
7858,Customer 7858,2,Standard,49.99,10.4,2025-03-07 17:18:23.487241
3356,Customer 3356,2,Standard,49.99,11.72,2024-04-25 17:18:23.487241
9248,Customer 9248,3,Premium,79.99,38.33,2025-02-28 17:18:23.487241
4031,Customer 4031,3,Premium,79.99,18.43,2023-12-26 17:18:23.487241
2748,Customer 2748,4,Unlimited,99.99,36.19,2023-08-29 17:18:23.487241
5375,Customer 5375,3,Premium,79.99,8.58,2023-11-16 17:18:23.487241
3571,Customer 3571,4,Unlimited,99.99,45.86,2024-08-15 17:18:23.487241
2013,Customer 2013,1,Basic,29.99,36.53,2023-11-20 17:18:23.487241
8922,Customer 8922,2,Standard,49.99,33.53,2023-07-01 17:18:23.487241
2082,Customer 2082,4,Unlimited,99.99,16.51,2024-12-03 17:18:23.487241
2510,Customer 2510,4,Unlimited,99.99,44.97,2024-06-26 17:18:23.488519
5354,Customer 5354,4,Unlimited,99.99,34.05,2024-07-20 17:18:23.488519
4022,Customer 4022,2,Standard,49.99,17.85,2025-01-05 17:18:23.488519
9344,Customer 9344,4,Unlimited,99.99,46.57,2024-11-03 17:18:23.488519
5165,Customer 5165,4,Unlimited,99.99,8.1,2024-08-20 17:18:23.488519
1116,Customer 1116,4,Unlimited,99.99,21.17,2024-07-10 17:18:23.488519
5923,Customer 5923,2,Standard,49.99,36.42,2023-06-29 17:18:23.488519
1388,Customer 1388,1,Basic,29.99,12.23,2023-09-22 17:18:23.488519
1616,Customer 1616,2,Standard,49.99,46.68,2023-09-17 17:18:23.488519
7518,Customer 7518,2,Standard,49.99,14.36,2025-01-22 17:18:23.488519
2581,Customer 2581,2,Standard,49.99,38.37,2023-12-29 17:18:23.488519
9995,Customer 9995,1,Basic,29.99,4.12,2024-01-31 17:18:23.488519
1612,Customer 1612,4,Unlimited,99.99,31.47,2024-12-21 17:18:23.488519
9888,Customer 9888,2,Standard,49.99,32.66,2025-02-01 17:18:23.488519
9427,Customer 9427,1,Basic,29.99,2.9,2024-01-05 17:18:23.488519
4030,Customer 4030,4,Unlimited,99.99,6.71,2024-06-17 17:18:23.488519
6205,Customer 6205,3,Premium,79.99,9.26,2025-02-12 17:18:23.488519
8710,Customer 8710,3,Premium,79.99,44.67,2023-06-18 17:18:23.488519
3999,Customer 3999,4,Unlimited,99.99,0.61,2025-03-14 17:18:23.488519
4871,Customer 4871,3,Premium,79.99,3.3,2025-01-23 17:18:23.488519
3143,Customer 3143,1,Basic,29.99,19.26,2024-01-06 17:18:23.488519
4080,Customer 4080,1,Basic,29.99,22.48,2023-11-19 17:18:23.488519
6513,Customer 6513,4,Unlimited,99.99,25.68,2023-06-22 17:18:23.488519
6035,Customer 6035,3,Premium,79.99,21.04,2024-12-25 17:18:23.488519
3149,Customer 3149,2,Standard,49.99,27.01,2023-09-06 17:18:23.488519
7213,Customer 7213,1,Basic,29.99,25.4,2025-03-26 17:18:23.488519
3134,Customer 3134,4,Unlimited,99.99,46.66,2024-06-05 17:18:23.488519
5374,Customer 5374,2,Standard,49.99,37.51,2024-01-23 17:18:23.488519
1177,Customer 1177,3,Premium,79.99,41.87,2024-03-22 17:18:23.488519
6060,Customer 6060,2,Standard,49.99,32.29,2024-09-12 17:18:23.488519
5184,Customer 5184,1,Basic,29.99,13.29,2024-04-23 17:18:23.488519
6756,Customer 6756,1,Basic,29.99,49.19,2025-03-25 17:18:23.488519
6391,Customer 6391,4,Unlimited,99.99,36.46,2024-11-25 17:18:23.488519
2326,Customer 2326,2,Standard,49.99,31.8,2025-04-23 17:18:23.489532
6838,Customer 6838,4,Unlimited,99.99,42.24,2024-01-25 17:18:23.489532
7656,Customer 7656,1,Basic,29.99,23.61,2023-07-19 17:18:23.489532
7439,Customer 7439,4,Unlimited,99.99,2.21,2024-11-17 17:18:23.489532
9032,Customer 9032,3,Premium,79.99,25.04,2024-05-21 17:18:23.489532
7270,Customer 7270,4,Unlimited,99.99,1.9,2023-09-25 17:18:23.489532
1700,Customer 1700,2,Standard,49.99,24.07,2024-10-06 17:18:23.489532
7775,Customer 7775,2,Standard,49.99,29.25,2023-11-07 17:18:23.489532
3892,Customer 3892,4,Unlimited,99.99,17.99,2025-05-11 17:18:23.489532
3522,Customer 3522,3,Premium,79.99,4.93,2024-07-14 17:18:23.489532
6673,Customer 6673,3,Premium,79.99,22.8,2025-05-21 17:18:23.489532
1733,Customer 1733,3,Premium,79.99,26.72,2023-12-09 17:18:23.489532
8267,Customer 8267,1,Basic,29.99,6.76,2023-12-21 17:18:23.489532
7053,Customer 7053,4,Unlimited,99.99,5.74,2025-02-08 17:18:23.489532
3930,Customer 3930,1,Basic,29.99,48.02,2024-09-08 17:18:23.489532
2287,Customer 2287,4,Unlimited,99.99,30.94,2025-03-19 17:18:23.489532
4016,Customer 4016,3,Premium,79.99,11.28,2025-01-06 17:18:23.489532
9505,Customer 9505,1,Basic,29.99,1.95,2024-05-23 17:18:23.489532
1895,Customer 1895,4,Unlimited,99.99,25.15,2024-10-20 17:18:23.489532
7500,Customer 7500,1,Basic,29.99,37.12,2024-08-07 17:18:23.489532
9717,Customer 9717,2,Standard,49.99,42.46,2023-10-26 17:18:23.489532
9799,Customer 9799,1,Basic,29.99,1.59,2023-10-15 17:18:23.489532
9727,Customer 9727,1,Basic,29.99,12.51,2023-07-24 17:18:23.489532
2753,Customer 2753,3,Premium,79.99,47.12,2024-07-11 17:18:23.489532
8432,Customer 8432,2,Standard,49.99,38.13,2024-04-23 17:18:23.489532
9082,Customer 9082,2,Standard,49.99,13.11,2024-10-15 17:18:23.489532
9647,Customer 9647,3,Premium,79.99,17.73,2023-12-23 17:18:23.489532
7916,Customer 7916,1,Basic,29.99,24.95,2024-02-19 17:18:23.489532
3309,Customer 3309,1,Basic,29.99,9.21,2025-02-12 17:18:23.489532
8859,Customer 8859,4,Unlimited,99.99,38.88,2024-03-12 17:18:23.489532
1199,Customer 1199,1,Basic,29.99,37.95,2024-11-16 17:18:23.490541
2323,Customer 2323,3,Premium,79.99,31.84,2024-03-09 17:18:23.490541
6360,Customer 6360,2,Standard,49.99,45.3,2023-12-27 17:18:23.490541
6579,Customer 6579,2,Standard,49.99,9.88,2023-06-18 17:18:23.490541
6691,Customer 6691,2,Standard,49.99,41.28,2023-06-26 17:18:23.490541
3451,Customer 3451,4,Unlimited,99.99,19.96,2024-03-21 17:18:23.490541
4556,Customer 4556,2,Standard,49.99,3.29,2024-02-20 17:18:23.490541
1726,Customer 1726,4,Unlimited,99.99,47.7,2024-05-30 17:18:23.490541
1566,Customer 1566,4,Unlimited,99.99,0.18,2024-05-13 17:18:23.490541
8781,Customer 8781,3,Premium,79.99,23.79,2024-03-17 17:18:23.490541
7690,Customer 7690,3,Premium,79.99,23.83,2024-05-20 17:18:23.490541
7800,Customer 7800,1,Basic,29.99,17.77,2025-04-12 17:18:23.490541
8329,Customer 8329,3,Premium,79.99,27.12,2024-12-28 17:18:23.491541
3760,Customer 3760,4,Unlimited,99.99,14.32,2025-01-28 17:18:23.491541
4642,Customer 4642,1,Basic,29.99,44.86,2025-04-05 17:18:23.491541
9912,Customer 9912,3,Premium,79.99,21.99,2024-09-19 17:18:23.491541
2385,Customer 2385,4,Unlimited,99.99,5.61,2024-06-24 17:18:23.491541
2235,Customer 2235,2,Standard,49.99,30.44,2024-03-07 17:18:23.491541
2962,Customer 2962,1,Basic,29.99,40.52,2024-12-20 17:18:23.491541
9025,Customer 9025,4,Unlimited,99.99,31.23,2024-02-16 17:18:23.491541
4106,Customer 4106,1,Basic,29.99,38.78,2023-09-08 17:18:23.491541
1481,Customer 1481,2,Standard,49.99,25.61,2023-10-10 17:18:23.491541
4462,Customer 4462,1,Basic,29.99,44.87,2025-01-19 17:18:23.491541
6706,Customer 6706,1,Basic,29.99,29.87,2025-01-02 17:18:23.491541
5181,Customer 5181,2,Standard,49.99,49.03,2024-10-09 17:18:23.491541
7946,Customer 7946,2,Standard,49.99,2.66,2025-01-26 17:18:23.491541
4338,Customer 4338,1,Basic,29.99,16.54,2024-10-24 17:18:23.491541
5398,Customer 5398,3,Premium,79.99,7.65,2024-05-20 17:18:23.491541
9212,Customer 9212,1,Basic,29.99,31.23,2024-12-04 17:18:23.491541
8639,Customer 8639,2,Standard,49.99,45.99,2025-02-07 17:18:23.491541
5438,Customer 5438,1,Basic,29.99,39.33,2024-04-28 17:18:23.491541
3471,Customer 3471,1,Basic,29.99,47.54,2024-03-23 17:18:23.492546
5984,Customer 5984,2,Standard,49.99,47.72,2023-05-30 17:18:23.492546
1769,Customer 1769,4,Unlimited,99.99,13.87,2023-08-21 17:18:23.492546
8542,Customer 8542,4,Unlimited,99.99,48.16,2024-12-21 17:18:23.492546
3287,Customer 3287,2,Standard,49.99,49.85,2025-04-16 17:18:23.492546
8326,Customer 8326,2,Standard,49.99,49.41,2023-05-30 17:18:23.492546
6880,Customer 6880,3,Premium,79.99,10.01,2025-05-02 17:18:23.492546
4411,Customer 4411,4,Unlimited,99.99,9.12,2023-12-17 17:18:23.492546
6357,Customer 6357,2,Standard,49.99,43.75,2023-12-17 17:18:23.492546
4815,Customer 4815,2,Standard,49.99,40.69,2024-12-09 17:18:23.492546
5769,Customer 5769,1,Basic,29.99,34.78,2023-11-08 17:18:23.492546
8776,Customer 8776,2,Standard,49.99,42.42,2023-06-26 17:18:23.492546
5066,Customer 5066,4,Unlimited,99.99,31.49,2024-10-15 17:18:23.492546
6430,Customer 6430,1,Basic,29.99,20.25,2023-06-06 17:18:23.492546
7461,Customer 7461,1,Basic,29.99,37.78,2024-06-26 17:18:23.492546
9897,Customer 9897,3,Premium,79.99,36.78,2025-04-24 17:18:23.492546
6211,Customer 6211,2,Standard,49.99,35.31,2023-08-09 17:18:23.492546
6188,Customer 6188,4,Unlimited,99.99,11.43,2023-09-13 17:18:23.492546
6073,Customer 6073,2,Standard,49.99,19.91,2024-12-01 17:18:23.492546
3873,Customer 3873,2,Standard,49.99,23.39,2024-03-28 17:18:23.492546
6174,Customer 6174,3,Premium,79.99,21.1,2024-03-08 17:18:23.492546
2967,Customer 2967,1,Basic,29.99,1.59,2024-03-14 17:18:23.492546
4686,Customer 4686,1,Basic,29.99,20.21,2024-06-21 17:18:23.492546
4693,Customer 4693,2,Standard,49.99,2.11,2024-04-23 17:18:23.492546
4225,Customer 4225,4,Unlimited,99.99,29.2,2024-06-27 17:18:23.492546
6874,Customer 6874,2,Standard,49.99,28.1,2023-10-07 17:18:23.492546
1624,Customer 1624,1,Basic,29.99,33.81,2024-11-25 17:18:23.492546
7116,Customer 7116,1,Basic,29.99,20.72,2025-05-04 17:18:23.492546
1525,Customer 1525,4,Unlimited,99.99,24.57,2023-08-17 17:18:23.492546
2323,Customer 2323,4,Unlimited,99.99,48.83,2023-09-12 17:18:23.492546
3334,Customer 3334,3,Premium,79.99,5.69,2023-12-25 17:18:23.492546
5691,Customer 5691,3,Premium,79.99,15.24,2024-12-25 17:18:23.492546
5449,Customer 5449,2,Standard,49.99,17.25,2024-07-17 17:18:23.492546
6163,Customer 6163,1,Basic,29.99,8.03,2023-11-04 17:18:23.492546
2463,Customer 2463,3,Premium,79.99,48.07,2023-09-02 17:18:23.492546
3039,Customer 3039,3,Premium,79.99,24.27,2025-03-17 17:18:23.492546
9507,Customer 9507,1,Basic,29.99,44.29,2024-11-17 17:18:23.492546
7743,Customer 7743,3,Premium,79.99,42.18,2025-03-14 17:18:23.492546
2043,Customer 2043,1,Basic,29.99,46.79,2023-11-21 17:18:23.493627
3702,Customer 3702,3,Premium,79.99,26.03,2024-04-30 17:18:23.493627
6279,Customer 6279,3,Premium,79.99,23.17,2025-01-20 17:18:23.493627
6286,Customer 6286,2,Standard,49.99,8.01,2023-06-09 17:18:23.493627
3624,Customer 3624,4,Unlimited,99.99,48.65,2023-12-20 17:18:23.493627
6720,Customer 6720,2,Standard,49.99,25.55,2025-01-14 17:18:23.493627
8815,Customer 8815,2,Standard,49.99,30.53,2025-03-06 17:18:23.493627
8971,Customer 8971,2,Standard,49.99,10.18,2024-04-20 17:18:23.493627
9822,Customer 9822,3,Premium,79.99,28.09,2023-12-10 17:18:23.493627
1082,Customer 1082,2,Standard,49.99,19.44,2024-04-16 17:18:23.493627
1147,Customer 1147,3,Premium,79.99,6.67,2023-07-30 17:18:23.493627
3590,Customer 3590,3,Premium,79.99,6.39,2024-12-18 17:18:23.493627
2893,Customer 2893,2,Standard,49.99,14.98,2024-04-25 17:18:23.493627
7042,Customer 7042,1,Basic,29.99,26.17,2024-11-16 17:18:23.493627
1955,Customer 1955,3,Premium,79.99,21.61,2024-05-02 17:18:23.493627
8506,Customer 8506,1,Basic,29.99,29.28,2024-04-17 17:18:23.493627
8522,Customer 8522,2,Standard,49.99,20.54,2024-05-22 17:18:23.493627
5456,Customer 5456,4,Unlimited,99.99,25.07,2024-07-28 17:18:23.493627
2132,Customer 2132,3,Premium,79.99,17.74,2023-08-22 17:18:23.493627
8899,Customer 8899,1,Basic,29.99,29.6,2024-05-14 17:18:23.493627
5009,Customer 5009,1,Basic,29.99,34.34,2023-10-06 17:18:23.493627
3578,Customer 3578,3,Premium,79.99,10.52,2025-03-23 17:18:23.493627
4238,Customer 4238,4,Unlimited,99.99,40.53,2025-04-10 17:18:23.493627
1772,Customer 1772,2,Standard,49.99,20.74,2024-11-17 17:18:23.493627
2695,Customer 2695,1,Basic,29.99,29.66,2023-10-23 17:18:23.493627
1131,Customer 1131,3,Premium,79.99,21.82,2025-01-08 17:18:23.493627
8075,Customer 8075,4,Unlimited,99.99,37.97,2024-06-30 17:18:23.493627
1997,Customer 1997,2,Standard,49.99,10.22,2023-06-03 17:18:23.493627
6724,Customer 6724,1,Basic,29.99,9.78,2024-04-22 17:18:23.493627
7036,Customer 7036,3,Premium,79.99,48.54,2024-01-01 17:18:23.493627
8180,Customer 8180,4,Unlimited,99.99,34.69,2025-01-25 17:18:23.493627
2644,Customer 2644,4,Unlimited,99.99,9.84,2024-09-18 17:18:23.493627
2916,Customer 2916,4,Unlimited,99.99,19.07,2024-05-13 17:18:23.493627
2604,Customer 2604,2,Standard,49.99,48.36,2024-11-29 17:18:23.493627
3417,Customer 3417,2,Standard,49.99,12.68,2025-03-15 17:18:23.493627
5743,Customer 5743,2,Standard,49.99,16.64,2025-03-05 17:18:23.493627
5071,Customer 5071,1,Basic,29.99,24.78,2024-10-10 17:18:23.493627
2044,Customer 2044,1,Basic,29.99,41.59,2023-12-07 17:18:23.494952
5115,Customer 5115,1,Basic,29.99,4.82,2025-03-30 17:18:23.494952
2714,Customer 2714,1,Basic,29.99,4.24,2023-09-23 17:18:23.494952
4354,Customer 4354,2,Standard,49.99,33.93,2025-04-15 17:18:23.494952
8091,Customer 8091,4,Unlimited,99.99,27.36,2023-08-16 17:18:23.494952
8147,Customer 8147,1,Basic,29.99,11.95,2024-12-31 17:18:23.494952
5477,Customer 5477,1,Basic,29.99,0.01,2023-12-30 17:18:23.494952
6034,Customer 6034,4,Unlimited,99.99,17.51,2025-03-23 17:18:23.494952
6715,Customer 6715,1,Basic,29.99,5.86,2023-08-28 17:18:23.494952
8053,Customer 8053,2,Standard,49.99,45.84,2023-09-29 17:18:23.494952
7738,Customer 7738,1,Basic,29.99,8.87,2024-10-02 17:18:23.494952
3425,Customer 3425,1,Basic,29.99,49.39,2024-12-13 17:18:23.494952
2243,Customer 2243,4,Unlimited,99.99,30.86,2023-05-26 17:18:23.494952
9499,Customer 9499,1,Basic,29.99,17.64,2023-07-10 17:18:23.494952
8516,Customer 8516,3,Premium,79.99,48.03,2023-10-28 17:18:23.494952
1569,Customer 1569,3,Premium,79.99,25.29,2024-09-30 17:18:23.494952
7241,Customer 7241,2,Standard,49.99,49.63,2024-05-19 17:18:23.494952
2910,Customer 2910,4,Unlimited,99.99,25.98,2024-01-01 17:18:23.494952
4582,Customer 4582,4,Unlimited,99.99,39.66,2023-09-28 17:18:23.494952
4938,Customer 4938,3,Premium,79.99,25.09,2023-06-13 17:18:23.494952
3922,Customer 3922,3,Premium,79.99,41.89,2024-09-28 17:18:23.494952
2831,Customer 2831,2,Standard,49.99,36.35,2024-09-20 17:18:23.494952
5193,Customer 5193,4,Unlimited,99.99,19.44,2023-06-09 17:18:23.494952
2726,Customer 2726,2,Standard,49.99,4.56,2024-04-11 17:18:23.494952
1860,Customer 1860,4,Unlimited,99.99,5.23,2023-09-05 17:18:23.494952
4575,Customer 4575,2,Standard,49.99,26.85,2024-10-21 17:18:23.494952
2504,Customer 2504,4,Unlimited,99.99,32.81,2023-12-31 17:18:23.494952
9733,Customer 9733,4,Unlimited,99.99,28.29,2023-10-22 17:18:23.494952
7520,Customer 7520,2,Standard,49.99,19.05,2024-05-04 17:18:23.494952
1499,Customer 1499,4,Unlimited,99.99,6.66,2023-08-22 17:18:23.494952
9093,Customer 9093,3,Premium,79.99,17.05,2023-12-02 17:18:23.494952
3740,Customer 3740,3,Premium,79.99,16.39,2024-01-07 17:18:23.494952
4352,Customer 4352,3,Premium,79.99,23.46,2023-07-21 17:18:23.494952
6475,Customer 6475,1,Basic,29.99,15.82,2025-03-06 17:18:23.494952
4531,Customer 4531,1,Basic,29.99,36.89,2024-03-27 17:18:23.494952
6632,Customer 6632,1,Basic,29.99,19.7,2025-02-28 17:18:23.494952
2126,Customer 2126,4,Unlimited,99.99,22.08,2024-11-07 17:18:23.494952
6956,Customer 6956,3,Premium,79.99,49.28,2025-05-18 17:18:23.494952
7123,Customer 7123,3,Premium,79.99,24.37,2023-08-03 17:18:23.494952
6495,Customer 6495,3,Premium,79.99,46.82,2023-06-13 17:18:23.494952
9742,Customer 9742,4,Unlimited,99.99,46.98,2023-07-24 17:18:23.494952
2389,Customer 2389,3,Premium,79.99,6.27,2023-09-24 17:18:23.494952
4020,Customer 4020,2,Standard,49.99,22.04,2024-12-30 17:18:23.494952
9354,Customer 9354,3,Premium,79.99,10.45,2024-02-15 17:18:23.494952
2429,Customer 2429,2,Standard,49.99,3.35,2024-07-07 17:18:23.494952
5954,Customer 5954,3,Premium,79.99,47.81,2024-02-02 17:18:23.494952
7342,Customer 7342,2,Standard,49.99,21.58,2024-04-09 17:18:23.494952
2198,Customer 2198,3,Premium,79.99,32.92,2024-05-04 17:18:23.494952
5654,Customer 5654,1,Basic,29.99,4.54,2025-04-02 17:18:23.494952
5924,Customer 5924,3,Premium,79.99,23.11,2024-10-31 17:18:23.494952
8042,Customer 8042,4,Unlimited,99.99,22.27,2023-06-10 17:18:23.494952
5773,Customer 5773,2,Standard,49.99,32.47,2024-01-03 17:18:23.494952
4792,Customer 4792,4,Unlimited,99.99,28.42,2023-06-26 17:18:23.494952
9612,Customer 9612,2,Standard,49.99,47.44,2023-10-02 17:18:23.494952
9254,Customer 9254,2,Standard,49.99,48.47,2023-08-18 17:18:23.494952
4359,Customer 4359,4,Unlimited,99.99,41.89,2024-03-30 17:18:23.494952
5013,Customer 5013,1,Basic,29.99,35.83,2023-11-24 17:18:23.494952
9886,Customer 9886,3,Premium,79.99,32.22,2024-11-11 17:18:23.494952
9013,Customer 9013,1,Basic,29.99,18.03,2023-10-08 17:18:23.494952
3174,Customer 3174,4,Unlimited,99.99,48.81,2025-05-14 17:18:23.494952
5614,Customer 5614,4,Unlimited,99.99,19.44,2025-02-03 17:18:23.494952
5688,Customer 5688,4,Unlimited,99.99,9.29,2025-04-11 17:18:23.494952
9962,Customer 9962,1,Basic,29.99,23.71,2024-06-24 17:18:23.494952
7385,Customer 7385,2,Standard,49.99,26.67,2023-09-18 17:18:23.494952
7506,Customer 7506,1,Basic,29.99,10.31,2023-12-10 17:18:23.494952
9002,Customer 9002,3,Premium,79.99,42.07,2024-01-26 17:18:23.494952
1743,Customer 1743,1,Basic,29.99,32.8,2023-11-11 17:18:23.494952
8307,Customer 8307,2,Standard,49.99,36.6,2023-09-21 17:18:23.494952
3854,Customer 3854,3,Premium,79.99,18.11,2025-05-18 17:18:23.494952
6748,Customer 6748,2,Standard,49.99,2.54,2024-09-10 17:18:23.494952
2337,Customer 2337,3,Premium,79.99,2.26,2024-10-20 17:18:23.494952
2595,Customer 2595,4,Unlimited,99.99,17.28,2024-12-13 17:18:23.494952
9543,Customer 9543,3,Premium,79.99,35.76,2025-05-11 17:18:23.494952
6525,Customer 6525,4,Unlimited,99.99,45.63,2024-10-01 17:18:23.494952
5264,Customer 5264,2,Standard,49.99,33.91,2024-05-18 17:18:23.494952
1741,Customer 1741,3,Premium,79.99,36.89,2024-05-29 17:18:23.494952
2981,Customer 2981,1,Basic,29.99,43.97,2023-09-07 17:18:23.494952
9035,Customer 9035,2,Standard,49.99,2.8,2025-02-08 17:18:23.494952
9006,Customer 9006,1,Basic,29.99,27.22,2024-07-14 17:18:23.494952
6413,Customer 6413,4,Unlimited,99.99,49.83,2024-06-02 17:18:23.494952
2646,Customer 2646,2,Standard,49.99,14.36,2025-04-17 17:18:23.494952
9366,Customer 9366,4,Unlimited,99.99,34.62,2025-03-22 17:18:23.494952
7424,Customer 7424,3,Premium,79.99,6.94,2023-11-05 17:18:23.494952
2068,Customer 2068,2,Standard,49.99,23.13,2023-10-27 17:18:23.494952
2814,Customer 2814,4,Unlimited,99.99,33.77,2024-09-17 17:18:23.494952
7919,Customer 7919,2,Standard,49.99,1.0,2025-01-24 17:18:23.494952
6472,Customer 6472,1,Basic,29.99,35.44,2023-11-28 17:18:23.494952
3786,Customer 3786,3,Premium,79.99,42.14,2024-04-03 17:18:23.494952
1493,Customer 1493,3,Premium,79.99,20.38,2024-01-15 17:18:23.494952
8943,Customer 8943,1,Basic,29.99,11.21,2024-11-03 17:18:23.496319
4377,Customer 4377,4,Unlimited,99.99,32.31,2023-11-21 17:18:23.496319
4826,Customer 4826,4,Unlimited,99.99,35.71,2025-02-28 17:18:23.496319
1742,Customer 1742,3,Premium,79.99,4.07,2024-07-22 17:18:23.496319
2602,Customer 2602,2,Standard,49.99,3.86,2024-03-03 17:18:23.496319
1414,Customer 1414,4,Unlimited,99.99,21.58,2024-06-26 17:18:23.496319
8882,Customer 8882,4,Unlimited,99.99,6.45,2024-09-17 17:18:23.496319
3697,Customer 3697,2,Standard,49.99,4.98,2024-07-28 17:18:23.496319
5247,Customer 5247,2,Standard,49.99,12.89,2023-07-27 17:18:23.496319
6106,Customer 6106,3,Premium,79.99,36.3,2023-10-30 17:18:23.496319
2857,Customer 2857,1,Basic,29.99,13.45,2024-12-27 17:18:23.496319
4623,Customer 4623,1,Basic,29.99,11.04,2024-03-25 17:18:23.496319
4855,Customer 4855,3,Premium,79.99,46.66,2023-07-20 17:18:23.496319
8086,Customer 8086,4,Unlimited,99.99,16.06,2023-09-01 17:18:23.496319
2326,Customer 2326,1,Basic,29.99,31.04,2023-10-27 17:18:23.496319
5436,Customer 5436,4,Unlimited,99.99,12.57,2023-07-14 17:18:23.496319
9584,Customer 9584,3,Premium,79.99,23.02,2025-03-07 17:18:23.496319
5633,Customer 5633,3,Premium,79.99,34.98,2025-04-02 17:18:23.496319
2832,Customer 2832,3,Premium,79.99,36.16,2025-02-07 17:18:23.496319
8437,Customer 8437,1,Basic,29.99,6.64,2024-12-10 17:18:23.496319
2112,Customer 2112,4,Unlimited,99.99,37.69,2023-12-29 17:18:23.496319
5716,Customer 5716,3,Premium,79.99,10.32,2024-08-08 17:18:23.496319
3586,Customer 3586,2,Standard,49.99,35.12,2024-02-25 17:18:23.496319
9447,Customer 9447,1,Basic,29.99,0.69,2025-03-22 17:18:23.496319
6135,Customer 6135,2,Standard,49.99,45.78,2024-08-15 17:18:23.496319
8213,Customer 8213,1,Basic,29.99,45.06,2025-05-10 17:18:23.496319
7391,Customer 7391,1,Basic,29.99,48.53,2024-03-01 17:18:23.496319
3969,Customer 3969,4,Unlimited,99.99,48.51,2023-06-21 17:18:23.496319
3252,Customer 3252,3,Premium,79.99,32.74,2024-08-08 17:18:23.496319
1342,Customer 1342,2,Standard,49.99,35.09,2023-07-19 17:18:23.496319
3087,Customer 3087,1,Basic,29.99,6.42,2023-08-13 17:18:23.496319
8818,Customer 8818,2,Standard,49.99,39.75,2023-12-15 17:18:23.496319
5763,Customer 5763,2,Standard,49.99,2.67,2025-01-19 17:18:23.496319
9013,Customer 9013,2,Standard,49.99,41.21,2025-03-07 17:18:23.496319
2932,Customer 2932,4,Unlimited,99.99,18.07,2023-05-31 17:18:23.496319
7702,Customer 7702,1,Basic,29.99,23.13,2023-12-21 17:18:23.496319
3755,Customer 3755,2,Standard,49.99,43.91,2023-05-30 17:18:23.496319
6203,Customer 6203,2,Standard,49.99,46.05,2023-05-27 17:18:23.496319
6024,Customer 6024,3,Premium,79.99,2.28,2023-10-18 17:18:23.496319
4702,Customer 4702,1,Basic,29.99,30.58,2023-07-20 17:18:23.496319
4443,Customer 4443,2,Standard,49.99,4.16,2023-11-15 17:18:23.496319
3541,Customer 3541,4,Unlimited,99.99,48.0,2024-02-15 17:18:23.496319
3368,Customer 3368,3,Premium,79.99,27.02,2025-02-15 17:18:23.496319
7911,Customer 7911,3,Premium,79.99,22.25,2025-01-15 17:18:23.496319
2752,Customer 2752,1,Basic,29.99,20.51,2025-05-17 17:18:23.496319
1510,Customer 1510,3,Premium,79.99,19.13,2025-02-16 17:18:23.496319
6443,Customer 6443,4,Unlimited,99.99,34.84,2024-04-29 17:18:23.496319
5793,Customer 5793,2,Standard,49.99,43.21,2025-03-23 17:18:23.496319
4979,Customer 4979,4,Unlimited,99.99,43.76,2024-01-16 17:18:23.496319
2611,Customer 2611,2,Standard,49.99,33.13,2025-01-08 17:18:23.496319
1783,Customer 1783,4,Unlimited,99.99,38.47,2023-06-10 17:18:23.496319
6867,Customer 6867,4,Unlimited,99.99,3.72,2024-01-12 17:18:23.496319
9778,Customer 9778,2,Standard,49.99,49.17,2024-08-05 17:18:23.496319
3094,Customer 3094,2,Standard,49.99,20.44,2023-11-19 17:18:23.496319
1765,Customer 1765,1,Basic,29.99,42.48,2024-07-04 17:18:23.496319
5035,Customer 5035,4,Unlimited,99.99,12.51,2024-03-06 17:18:23.496319
9521,Customer 9521,3,Premium,79.99,43.2,2024-10-31 17:18:23.496319
7282,Customer 7282,1,Basic,29.99,37.67,2024-05-23 17:18:23.496319
9230,Customer 9230,4,Unlimited,99.99,25.87,2023-09-30 17:18:23.496319
6106,Customer 6106,2,Standard,49.99,37.1,2024-07-10 17:18:23.496319
6685,Customer 6685,4,Unlimited,99.99,38.42,2024-08-02 17:18:23.496319
1343,Customer 1343,3,Premium,79.99,38.77,2024-10-16 17:18:23.496319
4284,Customer 4284,3,Premium,79.99,13.36,2023-08-19 17:18:23.496319
2301,Customer 2301,2,Standard,49.99,12.46,2024-12-22 17:18:23.496319
3467,Customer 3467,4,Unlimited,99.99,47.05,2024-05-07 17:18:23.496319
8315,Customer 8315,3,Premium,79.99,45.53,2024-07-19 17:18:23.496319
2157,Customer 2157,4,Unlimited,99.99,27.96,2024-07-11 17:18:23.496319
3936,Customer 3936,1,Basic,29.99,29.94,2024-06-02 17:18:23.496319
5420,Customer 5420,2,Standard,49.99,47.05,2024-10-24 17:18:23.496319
5900,Customer 5900,4,Unlimited,99.99,48.76,2024-11-19 17:18:23.496319
5798,Customer 5798,3,Premium,79.99,9.95,2023-10-22 17:18:23.496319
4526,Customer 4526,2,Standard,49.99,49.55,2024-03-27 17:18:23.496319
7503,Customer 7503,3,Premium,79.99,48.06,2024-08-07 17:18:23.496319
7866,Customer 7866,4,Unlimited,99.99,2.56,2024-12-28 17:18:23.496319
4237,Customer 4237,4,Unlimited,99.99,17.23,2025-03-16 17:18:23.496319
1998,Customer 1998,2,Standard,49.99,7.94,2024-06-05 17:18:23.496319
3496,Customer 3496,2,Standard,49.99,11.78,2023-06-26 17:18:23.496319
4539,Customer 4539,3,Premium,79.99,23.75,2024-03-09 17:18:23.496319
6385,Customer 6385,1,Basic,29.99,27.49,2023-10-02 17:18:23.496319
3061,Customer 3061,4,Unlimited,99.99,29.82,2024-03-18 17:18:23.496319
4500,Customer 4500,3,Premium,79.99,31.47,2023-09-13 17:18:23.496319
8395,Customer 8395,2,Standard,49.99,14.2,2023-06-24 17:18:23.496319
4643,Customer 4643,1,Basic,29.99,45.27,2025-04-12 17:18:23.496319
9463,Customer 9463,4,Unlimited,99.99,35.37,2023-07-01 17:18:23.497323
9994,Customer 9994,2,Standard,49.99,28.41,2024-01-23 17:18:23.497323
9356,Customer 9356,3,Premium,79.99,14.48,2024-12-01 17:18:23.497323
1864,Customer 1864,1,Basic,29.99,39.23,2025-02-22 17:18:23.497323
9112,Customer 9112,4,Unlimited,99.99,22.23,2024-02-19 17:18:23.497323
4884,Customer 4884,4,Unlimited,99.99,48.77,2024-02-08 17:18:23.497323
5914,Customer 5914,2,Standard,49.99,46.94,2025-01-04 17:18:23.497323
2946,Customer 2946,2,Standard,49.99,31.35,2023-09-08 17:18:23.497323
7998,Customer 7998,4,Unlimited,99.99,8.58,2024-01-07 17:18:23.497323
7816,Customer 7816,4,Unlimited,99.99,27.85,2025-03-10 17:18:23.497323
8945,Customer 8945,3,Premium,79.99,5.02,2023-06-21 17:18:23.497323
9233,Customer 9233,3,Premium,79.99,6.78,2024-11-09 17:18:23.497323
1287,Customer 1287,4,Unlimited,99.99,36.16,2024-05-28 17:18:23.497323
2633,Customer 2633,1,Basic,29.99,14.14,2024-05-12 17:18:23.497323
3005,Customer 3005,4,Unlimited,99.99,44.92,2024-04-21 17:18:23.497323
9270,Customer 9270,4,Unlimited,99.99,31.15,2024-11-27 17:18:23.497323
4973,Customer 4973,1,Basic,29.99,21.01,2023-11-15 17:18:23.497323
7688,Customer 7688,4,Unlimited,99.99,7.85,2024-09-16 17:18:23.497323
4433,Customer 4433,1,Basic,29.99,37.97,2023-10-20 17:18:23.497323
4425,Customer 4425,1,Basic,29.99,2.57,2023-08-11 17:18:23.497323
1937,Customer 1937,1,Basic,29.99,41.59,2023-07-26 17:18:23.497323
8754,Customer 8754,1,Basic,29.99,20.11,2024-02-19 17:18:23.497323
5293,Customer 5293,1,Basic,29.99,32.39,2024-08-01 17:18:23.497323
9361,Customer 9361,4,Unlimited,99.99,31.01,2023-06-16 17:18:23.497323
5994,Customer 5994,4,Unlimited,99.99,15.56,2024-11-14 17:18:23.497323
7122,Customer 7122,2,Standard,49.99,13.76,2025-01-13 17:18:23.497323
4326,Customer 4326,2,Standard,49.99,3.35,2024-07-14 17:18:23.497323
8410,Customer 8410,1,Basic,29.99,28.12,2023-09-29 17:18:23.497323
6396,Customer 6396,1,Basic,29.99,39.35,2023-07-30 17:18:23.497323
2763,Customer 2763,3,Premium,79.99,34.53,2024-04-12 17:18:23.497323
5637,Customer 5637,1,Basic,29.99,48.24,2024-08-17 17:18:23.497323
5678,Customer 5678,2,Standard,49.99,13.0,2023-09-26 17:18:23.497323
6352,Customer 6352,1,Basic,29.99,27.53,2025-04-20 17:18:23.497323
1977,Customer 1977,3,Premium,79.99,32.79,2024-04-25 17:18:23.497323
6977,Customer 6977,4,Unlimited,99.99,40.35,2024-04-10 17:18:23.497323
3825,Customer 3825,2,Standard,49.99,19.53,2023-11-11 17:18:23.497323
8236,Customer 8236,3,Premium,79.99,7.09,2024-11-03 17:18:23.497323
5906,Customer 5906,2,Standard,49.99,2.87,2024-10-25 17:18:23.497323
3835,Customer 3835,1,Basic,29.99,38.95,2024-10-23 17:18:23.497323
1561,Customer 1561,4,Unlimited,99.99,46.94,2023-09-25 17:18:23.497323
7004,Customer 7004,1,Basic,29.99,30.4,2024-05-21 17:18:23.497323
3545,Customer 3545,4,Unlimited,99.99,8.3,2024-02-03 17:18:23.497323
5098,Customer 5098,4,Unlimited,99.99,8.63,2023-12-03 17:18:23.497323
4005,Customer 4005,3,Premium,79.99,35.6,2024-09-12 17:18:23.497323
8261,Customer 8261,3,Premium,79.99,49.4,2025-02-07 17:18:23.497323
4450,Customer 4450,1,Basic,29.99,5.11,2023-06-25 17:18:23.497323
9935,Customer 9935,1,Basic,29.99,10.81,2023-11-04 17:18:23.497323
5409,Customer 5409,3,Premium,79.99,7.69,2023-08-28 17:18:23.497323
5843,Customer 5843,4,Unlimited,99.99,32.36,2024-06-19 17:18:23.497323
2548,Customer 2548,3,Premium,79.99,38.18,2023-11-11 17:18:23.497323
9534,Customer 9534,3,Premium,79.99,24.85,2023-10-25 17:18:23.497323
2291,Customer 2291,2,Standard,49.99,24.91,2024-06-10 17:18:23.497323
8463,Customer 8463,3,Premium,79.99,42.31,2024-07-22 17:18:23.497323
3037,Customer 3037,2,Standard,49.99,25.09,2025-03-09 17:18:23.497323
6933,Customer 6933,3,Premium,79.99,49.63,2025-01-15 17:18:23.497323
2575,Customer 2575,2,Standard,49.99,45.77,2024-03-01 17:18:23.497323
3288,Customer 3288,1,Basic,29.99,1.37,2024-04-15 17:18:23.497323
3912,Customer 3912,1,Basic,29.99,2.25,2024-09-21 17:18:23.497323
4708,Customer 4708,4,Unlimited,99.99,13.48,2025-05-07 17:18:23.497323
9355,Customer 9355,2,Standard,49.99,0.53,2023-10-29 17:18:23.497323
8693,Customer 8693,2,Standard,49.99,11.55,2024-07-21 17:18:23.497323
7387,Customer 7387,4,Unlimited,99.99,36.02,2024-10-19 17:18:23.497323
1827,Customer 1827,4,Unlimited,99.99,6.75,2023-08-01 17:18:23.497323
1992,Customer 1992,2,Standard,49.99,41.55,2024-11-15 17:18:23.497323
7345,Customer 7345,3,Premium,79.99,40.06,2024-03-05 17:18:23.497323
9264,Customer 9264,1,Basic,29.99,14.9,2024-04-11 17:18:23.497323
3080,Customer 3080,1,Basic,29.99,35.63,2025-01-19 17:18:23.497323
1923,Customer 1923,1,Basic,29.99,47.92,2025-02-09 17:18:23.497323
3727,Customer 3727,3,Premium,79.99,32.63,2024-07-08 17:18:23.497323
7729,Customer 7729,4,Unlimited,99.99,22.97,2025-02-06 17:18:23.497323
3807,Customer 3807,1,Basic,29.99,25.17,2023-06-10 17:18:23.497323
1513,Customer 1513,1,Basic,29.99,22.43,2023-10-11 17:18:23.497323
2149,Customer 2149,2,Standard,49.99,18.75,2024-01-16 17:18:23.497323
3379,Customer 3379,1,Basic,29.99,34.89,2024-04-21 17:18:23.497323
2381,Customer 2381,3,Premium,79.99,46.46,2025-04-19 17:18:23.497323
8017,Customer 8017,4,Unlimited,99.99,4.31,2025-01-10 17:18:23.497323
2132,Customer 2132,3,Premium,79.99,30.31,2024-09-19 17:18:23.497323
6901,Customer 6901,4,Unlimited,99.99,36.25,2023-05-22 17:18:23.497323
9242,Customer 9242,4,Unlimited,99.99,43.95,2024-06-12 17:18:23.497323
2218,Customer 2218,2,Standard,49.99,29.86,2025-02-07 17:18:23.497323
7644,Customer 7644,3,Premium,79.99,9.76,2024-09-11 17:18:23.497323
1559,Customer 1559,4,Unlimited,99.99,7.41,2024-01-30 17:18:23.497323
5517,Customer 5517,1,Basic,29.99,26.68,2024-05-18 17:18:23.497323
5231,Customer 5231,3,Premium,79.99,15.84,2024-05-05 17:18:23.497323
3232,Customer 3232,1,Basic,29.99,32.96,2024-02-24 17:18:23.497323
9449,Customer 9449,3,Premium,79.99,4.09,2023-12-24 17:18:23.497323
1277,Customer 1277,3,Premium,79.99,23.82,2024-09-04 17:18:23.497323
4654,Customer 4654,4,Unlimited,99.99,48.42,2025-01-04 17:18:23.497323
3432,Customer 3432,4,Unlimited,99.99,1.97,2024-12-06 17:18:23.497323
5562,Customer 5562,1,Basic,29.99,22.71,2025-01-15 17:18:23.497323
5172,Customer 5172,1,Basic,29.99,12.35,2024-12-12 17:18:23.497323
2512,Customer 2512,1,Basic,29.99,22.15,2024-12-18 17:18:23.497323
4065,Customer 4065,2,Standard,49.99,22.88,2023-11-11 17:18:23.497323
2686,Customer 2686,2,Standard,49.99,37.47,2024-08-26 17:18:23.497323
1175,Customer 1175,1,Basic,29.99,48.17,2024-02-25 17:18:23.497323
8764,Customer 8764,2,Standard,49.99,5.27,2023-10-31 17:18:23.497323
9581,Customer 9581,1,Basic,29.99,25.17,2023-10-20 17:18:23.497323
2190,Customer 2190,4,Unlimited,99.99,3.04,2024-07-01 17:18:23.497323
5147,Customer 5147,4,Unlimited,99.99,47.35,2025-01-25 17:18:23.497323
4131,Customer 4131,4,Unlimited,99.99,36.3,2023-08-27 17:18:23.497323
9159,Customer 9159,1,Basic,29.99,48.26,2023-07-21 17:18:23.497323
6627,Customer 6627,1,Basic,29.99,48.62,2024-01-16 17:18:23.497323
2963,Customer 2963,2,Standard,49.99,33.1,2023-09-09 17:18:23.498338
6181,Customer 6181,3,Premium,79.99,9.36,2024-07-10 17:18:23.498338
1750,Customer 1750,2,Standard,49.99,34.41,2024-06-13 17:18:23.498338
8381,Customer 8381,4,Unlimited,99.99,26.94,2023-08-23 17:18:23.498338
9331,Customer 9331,3,Premium,79.99,34.89,2024-11-02 17:18:23.498338
3120,Customer 3120,4,Unlimited,99.99,39.34,2024-06-07 17:18:23.498338
4225,Customer 4225,3,Premium,79.99,38.81,2024-06-19 17:18:23.498338
3552,Customer 3552,1,Basic,29.99,14.93,2024-03-21 17:18:23.498338
7648,Customer 7648,2,Standard,49.99,37.55,2024-09-20 17:18:23.498338
2360,Customer 2360,2,Standard,49.99,18.18,2023-09-27 17:18:23.498338
2333,Customer 2333,2,Standard,49.99,29.61,2025-02-12 17:18:23.498338
5991,Customer 5991,3,Premium,79.99,23.77,2025-01-23 17:18:23.498338
3247,Customer 3247,1,Basic,29.99,39.25,2024-07-23 17:18:23.498338
3314,Customer 3314,4,Unlimited,99.99,43.86,2024-11-26 17:18:23.498338
8236,Customer 8236,2,Standard,49.99,2.63,2023-10-23 17:18:23.498338
1909,Customer 1909,1,Basic,29.99,20.15,2024-09-24 17:18:23.498338
7642,Customer 7642,2,Standard,49.99,2.79,2023-07-13 17:18:23.498338
2024,Customer 2024,2,Standard,49.99,9.25,2024-03-24 17:18:23.498338
6481,Customer 6481,2,Standard,49.99,17.65,2023-06-07 17:18:23.498338
3896,Customer 3896,4,Unlimited,99.99,33.84,2025-02-06 17:18:23.498338
3987,Customer 3987,2,Standard,49.99,1.05,2024-10-24 17:18:23.498338
7698,Customer 7698,4,Unlimited,99.99,40.52,2023-09-18 17:18:23.498338
6490,Customer 6490,3,Premium,79.99,42.49,2025-02-09 17:18:23.498338
3234,Customer 3234,1,Basic,29.99,45.71,2023-10-18 17:18:23.498338
1592,Customer 1592,4,Unlimited,99.99,47.36,2024-08-15 17:18:23.498338
1318,Customer 1318,3,Premium,79.99,24.09,2024-12-16 17:18:23.498338
4737,Customer 4737,4,Unlimited,99.99,9.74,2024-12-12 17:18:23.498338
8572,Customer 8572,4,Unlimited,99.99,19.84,2024-10-31 17:18:23.498338
3854,Customer 3854,2,Standard,49.99,41.07,2024-08-19 17:18:23.498338
9239,Customer 9239,1,Basic,29.99,19.13,2024-09-20 17:18:23.498338
7458,Customer 7458,4,Unlimited,99.99,31.18,2025-04-16 17:18:23.498338
4520,Customer 4520,1,Basic,29.99,26.87,2025-04-19 17:18:23.498338
3360,Customer 3360,4,Unlimited,99.99,39.29,2025-04-26 17:18:23.498338
8519,Customer 8519,3,Premium,79.99,18.41,2024-12-18 17:18:23.498338
5548,Customer 5548,2,Standard,49.99,4.12,2025-05-01 17:18:23.498338
3455,Customer 3455,2,Standard,49.99,30.47,2024-06-16 17:18:23.498338
5878,Customer 5878,1,Basic,29.99,34.09,2024-08-16 17:18:23.498338
6519,Customer 6519,3,Premium,79.99,21.71,2023-05-22 17:18:23.498338
